engine,model,ms,result
merge,/home/pventura/src/OpenDefAlgSplitting/benches/scale/corpus/pilot/chain_unary_n16_k1_definable_fixed_i0.model,0.387,DEFINABLE
merge,/home/pventura/src/OpenDefAlgSplitting/benches/scale/corpus/pilot/chain_unary_n16_k1_definable_fixed_i1.model,0.394,DEFINABLE
merge,/home/pventura/src/OpenDefAlgSplitting/benches/scale/corpus/pilot/chain_unary_n16_k1_definable_fixed_i2.model,0.331,DEFINABLE
merge,/home/pventura/src/OpenDefAlgSplitting/benches/scale/corpus/pilot/chain_unary_n16_k1_definable_fixed_i3.model,0.331,DEFINABLE
merge,/home/pventura/src/OpenDefAlgSplitting/benches/scale/corpus/pilot/chain_unary_n16_k1_definable_fixed_i4.model,0.372,DEFINABLE
merge,/home/pventura/src/OpenDefAlgSplitting/benches/scale/corpus/pilot/chain_unary_n16_k1_nondef_mix_i0.model,0.346,DEFINABLE
merge,/home/pventura/src/OpenDefAlgSplitting/benches/scale/corpus/pilot/chain_unary_n16_k1_nondef_mix_i1.model,0.327,DEFINABLE
merge,/home/pventura/src/OpenDefAlgSplitting/benches/scale/corpus/pilot/chain_unary_n16_k1_nondef_mix_i2.model,0.345,DEFINABLE
merge,/home/pventura/src/OpenDefAlgSplitting/benches/scale/corpus/pilot/chain_unary_n16_k1_nondef_mix_i3.model,0.334,DEFINABLE
merge,/home/pventura/src/OpenDefAlgSplitting/benches/scale/corpus/pilot/chain_unary_n16_k1_nondef_mix_i4.model,0.391,DEFINABLE
merge,/home/pventura/src/OpenDefAlgSplitting/benches/scale/corpus/pilot/chain_unary_n32_k1_definable_fixed_i0.model,1.167,DEFINABLE
merge,/home/pventura/src/OpenDefAlgSplitting/benches/scale/corpus/pilot/chain_unary_n32_k1_definable_fixed_i1.model,1.207,DEFINABLE
merge,/home/pventura/src/OpenDefAlgSplitting/benches/scale/corpus/pilot/chain_unary_n32_k1_definable_fixed_i2.model,1.185,DEFINABLE
merge,/home/pventura/src/OpenDefAlgSplitting/benches/scale/corpus/pilot/chain_unary_n32_k1_definable_fixed_i3.model,1.146,DEFINABLE
merge,/home/pventura/src/OpenDefAlgSplitting/benches/scale/corpus/pilot/chain_unary_n32_k1_definable_fixed_i4.model,1.161,DEFINABLE
merge,/home/pventura/src/OpenDefAlgSplitting/benches/scale/corpus/pilot/chain_unary_n32_k1_nondef_mix_i0.model,1.138,DEFINABLE
merge,/home/pventura/src/OpenDefAlgSplitting/benches/scale/corpus/pilot/chain_unary_n32_k1_nondef_mix_i1.model,1.192,DEFINABLE
merge,/home/pventura/src/OpenDefAlgSplitting/benches/scale/corpus/pilot/chain_unary_n32_k1_nondef_mix_i2.model,1.244,DEFINABLE
merge,/home/pventura/src/OpenDefAlgSplitting/benches/scale/corpus/pilot/chain_unary_n32_k1_nondef_mix_i3.model,1.179,DEFINABLE
merge,/home/pventura/src/OpenDefAlgSplitting/benches/scale/corpus/pilot/chain_unary_n32_k1_nondef_mix_i4.model,7.941,DEFINABLE
merge,/home/pventura/src/OpenDefAlgSplitting/benches/scale/corpus/pilot/chain_unary_n4_k1_definable_fixed_i0.model,0.182,DEFINABLE
merge,/home/pventura/src/OpenDefAlgSplitting/benches/scale/corpus/pilot/chain_unary_n4_k1_definable_fixed_i1.model,0.195,DEFINABLE
merge,/home/pventura/src/OpenDefAlgSplitting/benches/scale/corpus/pilot/chain_unary_n4_k1_definable_fixed_i2.model,0.143,DEFINABLE
merge,/home/pventura/src/OpenDefAlgSplitting/benches/scale/corpus/pilot/chain_unary_n4_k1_definable_fixed_i3.model,0.153,DEFINABLE
merge,/home/pventura/src/OpenDefAlgSplitting/benches/scale/corpus/pilot/chain_unary_n4_k1_definable_fixed_i4.model,0.184,DEFINABLE
merge,/home/pventura/src/OpenDefAlgSplitting/benches/scale/corpus/pilot/chain_unary_n4_k1_nondef_mix_i0.model,0.374,DEFINABLE
merge,/home/pventura/src/OpenDefAlgSplitting/benches/scale/corpus/pilot/chain_unary_n4_k1_nondef_mix_i1.model,0.142,DEFINABLE
merge,/home/pventura/src/OpenDefAlgSplitting/benches/scale/corpus/pilot/chain_unary_n4_k1_nondef_mix_i2.model,0.141,DEFINABLE
merge,/home/pventura/src/OpenDefAlgSplitting/benches/scale/corpus/pilot/chain_unary_n4_k1_nondef_mix_i3.model,0.131,DEFINABLE
merge,/home/pventura/src/OpenDefAlgSplitting/benches/scale/corpus/pilot/chain_unary_n4_k1_nondef_mix_i4.model,0.145,DEFINABLE
merge,/home/pventura/src/OpenDefAlgSplitting/benches/scale/corpus/pilot/chain_unary_n8_k1_definable_fixed_i0.model,0.194,DEFINABLE
merge,/home/pventura/src/OpenDefAlgSplitting/benches/scale/corpus/pilot/chain_unary_n8_k1_definable_fixed_i1.model,0.188,DEFINABLE
merge,/home/pventura/src/OpenDefAlgSplitting/benches/scale/corpus/pilot/chain_unary_n8_k1_definable_fixed_i2.model,0.184,DEFINABLE
merge,/home/pventura/src/OpenDefAlgSplitting/benches/scale/corpus/pilot/chain_unary_n8_k1_definable_fixed_i3.model,0.173,DEFINABLE
merge,/home/pventura/src/OpenDefAlgSplitting/benches/scale/corpus/pilot/chain_unary_n8_k1_definable_fixed_i4.model,0.180,DEFINABLE
merge,/home/pventura/src/OpenDefAlgSplitting/benches/scale/corpus/pilot/chain_unary_n8_k1_nondef_mix_i0.model,0.223,DEFINABLE
merge,/home/pventura/src/OpenDefAlgSplitting/benches/scale/corpus/pilot/chain_unary_n8_k1_nondef_mix_i1.model,0.253,DEFINABLE
merge,/home/pventura/src/OpenDefAlgSplitting/benches/scale/corpus/pilot/chain_unary_n8_k1_nondef_mix_i2.model,0.169,DEFINABLE
merge,/home/pventura/src/OpenDefAlgSplitting/benches/scale/corpus/pilot/chain_unary_n8_k1_nondef_mix_i3.model,7.509,DEFINABLE
merge,/home/pventura/src/OpenDefAlgSplitting/benches/scale/corpus/pilot/chain_unary_n8_k1_nondef_mix_i4.model,0.249,DEFINABLE
merge,/home/pventura/src/OpenDefAlgSplitting/benches/scale/corpus/pilot/cyclic_group_n16_k1_definable_eq_i0.model,0.537,DEFINABLE
merge,/home/pventura/src/OpenDefAlgSplitting/benches/scale/corpus/pilot/cyclic_group_n16_k1_definable_eq_i1.model,0.528,DEFINABLE
merge,/home/pventura/src/OpenDefAlgSplitting/benches/scale/corpus/pilot/cyclic_group_n16_k1_definable_eq_i2.model,0.422,DEFINABLE
merge,/home/pventura/src/OpenDefAlgSplitting/benches/scale/corpus/pilot/cyclic_group_n16_k1_definable_eq_i3.model,1.085,DEFINABLE
merge,/home/pventura/src/OpenDefAlgSplitting/benches/scale/corpus/pilot/cyclic_group_n16_k1_definable_eq_i4.model,0.402,DEFINABLE
merge,/home/pventura/src/OpenDefAlgSplitting/benches/scale/corpus/pilot/cyclic_group_n16_k1_nondef_mix_i0.model,0.418,DEFINABLE
merge,/home/pventura/src/OpenDefAlgSplitting/benches/scale/corpus/pilot/cyclic_group_n16_k1_nondef_mix_i1.model,0.402,DEFINABLE
merge,/home/pventura/src/OpenDefAlgSplitting/benches/scale/corpus/pilot/cyclic_group_n16_k1_nondef_mix_i2.model,0.402,DEFINABLE
merge,/home/pventura/src/OpenDefAlgSplitting/benches/scale/corpus/pilot/cyclic_group_n16_k1_nondef_mix_i3.model,0.404,DEFINABLE
merge,/home/pventura/src/OpenDefAlgSplitting/benches/scale/corpus/pilot/cyclic_group_n16_k1_nondef_mix_i4.model,0.392,DEFINABLE
merge,/home/pventura/src/OpenDefAlgSplitting/benches/scale/corpus/pilot/cyclic_group_n16_k2_definable_eq_i0.model,0.369,DEFINABLE
merge,/home/pventura/src/OpenDefAlgSplitting/benches/scale/corpus/pilot/cyclic_group_n16_k2_definable_eq_i1.model,0.361,DEFINABLE
merge,/home/pventura/src/OpenDefAlgSplitting/benches/scale/corpus/pilot/cyclic_group_n16_k2_definable_eq_i2.model,0.365,DEFINABLE
merge,/home/pventura/src/OpenDefAlgSplitting/benches/scale/corpus/pilot/cyclic_group_n16_k2_definable_eq_i3.model,0.367,DEFINABLE
merge,/home/pventura/src/OpenDefAlgSplitting/benches/scale/corpus/pilot/cyclic_group_n16_k2_definable_eq_i4.model,0.360,DEFINABLE
merge,/home/pventura/src/OpenDefAlgSplitting/benches/scale/corpus/pilot/cyclic_group_n16_k2_nondef_mix_i0.model,4.203,DEFINABLE
merge,/home/pventura/src/OpenDefAlgSplitting/benches/scale/corpus/pilot/cyclic_group_n16_k2_nondef_mix_i1.model,4.250,DEFINABLE
merge,/home/pventura/src/OpenDefAlgSplitting/benches/scale/corpus/pilot/cyclic_group_n16_k2_nondef_mix_i2.model,4.317,DEFINABLE
merge,/home/pventura/src/OpenDefAlgSplitting/benches/scale/corpus/pilot/cyclic_group_n16_k2_nondef_mix_i3.model,4.192,DEFINABLE
merge,/home/pventura/src/OpenDefAlgSplitting/benches/scale/corpus/pilot/cyclic_group_n16_k2_nondef_mix_i4.model,4.264,DEFINABLE
merge,/home/pventura/src/OpenDefAlgSplitting/benches/scale/corpus/pilot/cyclic_group_n32_k1_definable_eq_i0.model,1.186,DEFINABLE
merge,/home/pventura/src/OpenDefAlgSplitting/benches/scale/corpus/pilot/cyclic_group_n32_k1_definable_eq_i1.model,1.183,DEFINABLE
merge,/home/pventura/src/OpenDefAlgSplitting/benches/scale/corpus/pilot/cyclic_group_n32_k1_definable_eq_i2.model,1.203,DEFINABLE
merge,/home/pventura/src/OpenDefAlgSplitting/benches/scale/corpus/pilot/cyclic_group_n32_k1_definable_eq_i3.model,4.091,DEFINABLE
merge,/home/pventura/src/OpenDefAlgSplitting/benches/scale/corpus/pilot/cyclic_group_n32_k1_definable_eq_i4.model,1.467,DEFINABLE
merge,/home/pventura/src/OpenDefAlgSplitting/benches/scale/corpus/pilot/cyclic_group_n32_k1_nondef_mix_i0.model,1.215,DEFINABLE
merge,/home/pventura/src/OpenDefAlgSplitting/benches/scale/corpus/pilot/cyclic_group_n32_k1_nondef_mix_i1.model,1.208,DEFINABLE
merge,/home/pventura/src/OpenDefAlgSplitting/benches/scale/corpus/pilot/cyclic_group_n32_k1_nondef_mix_i2.model,1.204,DEFINABLE
merge,/home/pventura/src/OpenDefAlgSplitting/benches/scale/corpus/pilot/cyclic_group_n32_k1_nondef_mix_i3.model,1.181,DEFINABLE
merge,/home/pventura/src/OpenDefAlgSplitting/benches/scale/corpus/pilot/cyclic_group_n32_k1_nondef_mix_i4.model,1.188,DEFINABLE
merge,/home/pventura/src/OpenDefAlgSplitting/benches/scale/corpus/pilot/cyclic_group_n32_k2_definable_eq_i0.model,1.157,DEFINABLE
merge,/home/pventura/src/OpenDefAlgSplitting/benches/scale/corpus/pilot/cyclic_group_n32_k2_definable_eq_i1.model,1.149,DEFINABLE
merge,/home/pventura/src/OpenDefAlgSplitting/benches/scale/corpus/pilot/cyclic_group_n32_k2_definable_eq_i2.model,1.165,DEFINABLE
merge,/home/pventura/src/OpenDefAlgSplitting/benches/scale/corpus/pilot/cyclic_group_n32_k2_definable_eq_i3.model,1.153,DEFINABLE
merge,/home/pventura/src/OpenDefAlgSplitting/benches/scale/corpus/pilot/cyclic_group_n32_k2_definable_eq_i4.model,1.161,DEFINABLE
merge,/home/pventura/src/OpenDefAlgSplitting/benches/scale/corpus/pilot/cyclic_group_n32_k2_nondef_mix_i0.model,50.061,DEFINABLE
merge,/home/pventura/src/OpenDefAlgSplitting/benches/scale/corpus/pilot/cyclic_group_n32_k2_nondef_mix_i1.model,49.307,DEFINABLE
merge,/home/pventura/src/OpenDefAlgSplitting/benches/scale/corpus/pilot/cyclic_group_n32_k2_nondef_mix_i2.model,49.519,DEFINABLE
merge,/home/pventura/src/OpenDefAlgSplitting/benches/scale/corpus/pilot/cyclic_group_n32_k2_nondef_mix_i3.model,50.301,DEFINABLE
merge,/home/pventura/src/OpenDefAlgSplitting/benches/scale/corpus/pilot/cyclic_group_n32_k2_nondef_mix_i4.model,49.602,DEFINABLE
merge,/home/pventura/src/OpenDefAlgSplitting/benches/scale/corpus/pilot/cyclic_group_n4_k1_definable_eq_i0.model,0.108,DEFINABLE
merge,/home/pventura/src/OpenDefAlgSplitting/benches/scale/corpus/pilot/cyclic_group_n4_k1_definable_eq_i1.model,0.117,DEFINABLE
merge,/home/pventura/src/OpenDefAlgSplitting/benches/scale/corpus/pilot/cyclic_group_n4_k1_definable_eq_i2.model,0.123,DEFINABLE
merge,/home/pventura/src/OpenDefAlgSplitting/benches/scale/corpus/pilot/cyclic_group_n4_k1_definable_eq_i3.model,0.133,DEFINABLE
merge,/home/pventura/src/OpenDefAlgSplitting/benches/scale/corpus/pilot/cyclic_group_n4_k1_definable_eq_i4.model,0.123,DEFINABLE
merge,/home/pventura/src/OpenDefAlgSplitting/benches/scale/corpus/pilot/cyclic_group_n4_k1_nondef_mix_i0.model,0.202,DEFINABLE
merge,/home/pventura/src/OpenDefAlgSplitting/benches/scale/corpus/pilot/cyclic_group_n4_k1_nondef_mix_i1.model,0.177,DEFINABLE
merge,/home/pventura/src/OpenDefAlgSplitting/benches/scale/corpus/pilot/cyclic_group_n4_k1_nondef_mix_i2.model,0.164,DEFINABLE
merge,/home/pventura/src/OpenDefAlgSplitting/benches/scale/corpus/pilot/cyclic_group_n4_k1_nondef_mix_i3.model,0.111,DEFINABLE
merge,/home/pventura/src/OpenDefAlgSplitting/benches/scale/corpus/pilot/cyclic_group_n4_k1_nondef_mix_i4.model,0.124,DEFINABLE
merge,/home/pventura/src/OpenDefAlgSplitting/benches/scale/corpus/pilot/cyclic_group_n4_k2_definable_eq_i0.model,0.089,DEFINABLE
merge,/home/pventura/src/OpenDefAlgSplitting/benches/scale/corpus/pilot/cyclic_group_n4_k2_definable_eq_i1.model,0.097,DEFINABLE
merge,/home/pventura/src/OpenDefAlgSplitting/benches/scale/corpus/pilot/cyclic_group_n4_k2_definable_eq_i2.model,0.086,DEFINABLE
merge,/home/pventura/src/OpenDefAlgSplitting/benches/scale/corpus/pilot/cyclic_group_n4_k2_definable_eq_i3.model,0.091,DEFINABLE
merge,/home/pventura/src/OpenDefAlgSplitting/benches/scale/corpus/pilot/cyclic_group_n4_k2_definable_eq_i4.model,0.100,DEFINABLE
merge,/home/pventura/src/OpenDefAlgSplitting/benches/scale/corpus/pilot/cyclic_group_n4_k2_nondef_mix_i0.model,0.135,DEFINABLE
merge,/home/pventura/src/OpenDefAlgSplitting/benches/scale/corpus/pilot/cyclic_group_n4_k2_nondef_mix_i1.model,0.130,DEFINABLE
merge,/home/pventura/src/OpenDefAlgSplitting/benches/scale/corpus/pilot/cyclic_group_n4_k2_nondef_mix_i2.model,0.146,DEFINABLE
merge,/home/pventura/src/OpenDefAlgSplitting/benches/scale/corpus/pilot/cyclic_group_n4_k2_nondef_mix_i3.model,0.154,DEFINABLE
merge,/home/pventura/src/OpenDefAlgSplitting/benches/scale/corpus/pilot/cyclic_group_n4_k2_nondef_mix_i4.model,0.139,DEFINABLE
merge,/home/pventura/src/OpenDefAlgSplitting/benches/scale/corpus/pilot/cyclic_group_n8_k1_definable_eq_i0.model,0.220,DEFINABLE
merge,/home/pventura/src/OpenDefAlgSplitting/benches/scale/corpus/pilot/cyclic_group_n8_k1_definable_eq_i1.model,0.237,DEFINABLE
merge,/home/pventura/src/OpenDefAlgSplitting/benches/scale/corpus/pilot/cyclic_group_n8_k1_definable_eq_i2.model,0.205,DEFINABLE
merge,/home/pventura/src/OpenDefAlgSplitting/benches/scale/corpus/pilot/cyclic_group_n8_k1_definable_eq_i3.model,0.200,DEFINABLE
merge,/home/pventura/src/OpenDefAlgSplitting/benches/scale/corpus/pilot/cyclic_group_n8_k1_definable_eq_i4.model,0.226,DEFINABLE
merge,/home/pventura/src/OpenDefAlgSplitting/benches/scale/corpus/pilot/cyclic_group_n8_k1_nondef_mix_i0.model,0.227,DEFINABLE
merge,/home/pventura/src/OpenDefAlgSplitting/benches/scale/corpus/pilot/cyclic_group_n8_k1_nondef_mix_i1.model,0.197,DEFINABLE
merge,/home/pventura/src/OpenDefAlgSplitting/benches/scale/corpus/pilot/cyclic_group_n8_k1_nondef_mix_i2.model,0.220,DEFINABLE
merge,/home/pventura/src/OpenDefAlgSplitting/benches/scale/corpus/pilot/cyclic_group_n8_k1_nondef_mix_i3.model,0.187,DEFINABLE
merge,/home/pventura/src/OpenDefAlgSplitting/benches/scale/corpus/pilot/cyclic_group_n8_k1_nondef_mix_i4.model,0.184,DEFINABLE
merge,/home/pventura/src/OpenDefAlgSplitting/benches/scale/corpus/pilot/cyclic_group_n8_k2_definable_eq_i0.model,0.180,DEFINABLE
merge,/home/pventura/src/OpenDefAlgSplitting/benches/scale/corpus/pilot/cyclic_group_n8_k2_definable_eq_i1.model,0.172,DEFINABLE
merge,/home/pventura/src/OpenDefAlgSplitting/benches/scale/corpus/pilot/cyclic_group_n8_k2_definable_eq_i2.model,0.154,DEFINABLE
merge,/home/pventura/src/OpenDefAlgSplitting/benches/scale/corpus/pilot/cyclic_group_n8_k2_definable_eq_i3.model,0.172,DEFINABLE
merge,/home/pventura/src/OpenDefAlgSplitting/benches/scale/corpus/pilot/cyclic_group_n8_k2_definable_eq_i4.model,0.159,DEFINABLE
merge,/home/pventura/src/OpenDefAlgSplitting/benches/scale/corpus/pilot/cyclic_group_n8_k2_nondef_mix_i0.model,0.548,DEFINABLE
merge,/home/pventura/src/OpenDefAlgSplitting/benches/scale/corpus/pilot/cyclic_group_n8_k2_nondef_mix_i1.model,0.575,DEFINABLE
merge,/home/pventura/src/OpenDefAlgSplitting/benches/scale/corpus/pilot/cyclic_group_n8_k2_nondef_mix_i2.model,0.596,DEFINABLE
merge,/home/pventura/src/OpenDefAlgSplitting/benches/scale/corpus/pilot/cyclic_group_n8_k2_nondef_mix_i3.model,0.544,DEFINABLE
merge,/home/pventura/src/OpenDefAlgSplitting/benches/scale/corpus/pilot/cyclic_group_n8_k2_nondef_mix_i4.model,0.547,DEFINABLE
merge,/home/pventura/src/OpenDefAlgSplitting/benches/scale/corpus/pilot/random_magma_n16_k1_definable_eq_i0.model,4.685,DEFINABLE
merge,/home/pventura/src/OpenDefAlgSplitting/benches/scale/corpus/pilot/random_magma_n16_k1_definable_eq_i1.model,1.454,DEFINABLE
merge,/home/pventura/src/OpenDefAlgSplitting/benches/scale/corpus/pilot/random_magma_n16_k1_definable_eq_i2.model,1.232,DEFINABLE
merge,/home/pventura/src/OpenDefAlgSplitting/benches/scale/corpus/pilot/random_magma_n16_k1_definable_eq_i3.model,1.090,DEFINABLE
merge,/home/pventura/src/OpenDefAlgSplitting/benches/scale/corpus/pilot/random_magma_n16_k1_definable_eq_i4.model,1.163,DEFINABLE
merge,/home/pventura/src/OpenDefAlgSplitting/benches/scale/corpus/pilot/random_magma_n16_k1_nondef_mix_i0.model,1.094,DEFINABLE
merge,/home/pventura/src/OpenDefAlgSplitting/benches/scale/corpus/pilot/random_magma_n16_k1_nondef_mix_i1.model,1.073,DEFINABLE
merge,/home/pventura/src/OpenDefAlgSplitting/benches/scale/corpus/pilot/random_magma_n16_k1_nondef_mix_i2.model,1.150,DEFINABLE
merge,/home/pventura/src/OpenDefAlgSplitting/benches/scale/corpus/pilot/random_magma_n16_k1_nondef_mix_i3.model,1.073,DEFINABLE
merge,/home/pventura/src/OpenDefAlgSplitting/benches/scale/corpus/pilot/random_magma_n16_k1_nondef_mix_i4.model,1.018,DEFINABLE
merge,/home/pventura/src/OpenDefAlgSplitting/benches/scale/corpus/pilot/random_magma_n16_k1_random_half_i0.model,1.113,DEFINABLE
merge,/home/pventura/src/OpenDefAlgSplitting/benches/scale/corpus/pilot/random_magma_n16_k1_random_half_i1.model,1.137,DEFINABLE
merge,/home/pventura/src/OpenDefAlgSplitting/benches/scale/corpus/pilot/random_magma_n16_k1_random_half_i2.model,1.169,DEFINABLE
merge,/home/pventura/src/OpenDefAlgSplitting/benches/scale/corpus/pilot/random_magma_n16_k1_random_half_i3.model,1.010,DEFINABLE
merge,/home/pventura/src/OpenDefAlgSplitting/benches/scale/corpus/pilot/random_magma_n16_k1_random_half_i4.model,1.042,DEFINABLE
merge,/home/pventura/src/OpenDefAlgSplitting/benches/scale/corpus/pilot/random_magma_n16_k2_definable_eq_i0.model,1.085,DEFINABLE
merge,/home/pventura/src/OpenDefAlgSplitting/benches/scale/corpus/pilot/random_magma_n16_k2_definable_eq_i1.model,1.109,DEFINABLE
merge,/home/pventura/src/OpenDefAlgSplitting/benches/scale/corpus/pilot/random_magma_n16_k2_definable_eq_i2.model,1.110,DEFINABLE
merge,/home/pventura/src/OpenDefAlgSplitting/benches/scale/corpus/pilot/random_magma_n16_k2_definable_eq_i3.model,1.083,DEFINABLE
merge,/home/pventura/src/OpenDefAlgSplitting/benches/scale/corpus/pilot/random_magma_n16_k2_definable_eq_i4.model,1.063,DEFINABLE
merge,/home/pventura/src/OpenDefAlgSplitting/benches/scale/corpus/pilot/random_magma_n16_k2_nondef_mix_i0.model,18.631,DEFINABLE
merge,/home/pventura/src/OpenDefAlgSplitting/benches/scale/corpus/pilot/random_magma_n16_k2_nondef_mix_i1.model,19.985,NOT_DEFINABLE
merge,/home/pventura/src/OpenDefAlgSplitting/benches/scale/corpus/pilot/random_magma_n16_k2_nondef_mix_i2.model,19.986,DEFINABLE
merge,/home/pventura/src/OpenDefAlgSplitting/benches/scale/corpus/pilot/random_magma_n16_k2_nondef_mix_i3.model,19.585,DEFINABLE
merge,/home/pventura/src/OpenDefAlgSplitting/benches/scale/corpus/pilot/random_magma_n16_k2_nondef_mix_i4.model,21.027,DEFINABLE
merge,/home/pventura/src/OpenDefAlgSplitting/benches/scale/corpus/pilot/random_magma_n16_k2_random_half_i0.model,21.293,NOT_DEFINABLE
merge,/home/pventura/src/OpenDefAlgSplitting/benches/scale/corpus/pilot/random_magma_n16_k2_random_half_i1.model,19.392,DEFINABLE
merge,/home/pventura/src/OpenDefAlgSplitting/benches/scale/corpus/pilot/random_magma_n16_k2_random_half_i2.model,19.557,DEFINABLE
merge,/home/pventura/src/OpenDefAlgSplitting/benches/scale/corpus/pilot/random_magma_n16_k2_random_half_i3.model,17.906,DEFINABLE
merge,/home/pventura/src/OpenDefAlgSplitting/benches/scale/corpus/pilot/random_magma_n16_k2_random_half_i4.model,19.333,DEFINABLE
merge,/home/pventura/src/OpenDefAlgSplitting/benches/scale/corpus/pilot/random_magma_n32_k1_definable_eq_i0.model,0.184,NOT_DEFINABLE
merge,/home/pventura/src/OpenDefAlgSplitting/benches/scale/corpus/pilot/random_magma_n32_k1_definable_eq_i1.model,11.141,DEFINABLE
merge,/home/pventura/src/OpenDefAlgSplitting/benches/scale/corpus/pilot/random_magma_n32_k1_definable_eq_i2.model,7.207,DEFINABLE
merge,/home/pventura/src/OpenDefAlgSplitting/benches/scale/corpus/pilot/random_magma_n32_k1_definable_eq_i3.model,7.844,DEFINABLE
merge,/home/pventura/src/OpenDefAlgSplitting/benches/scale/corpus/pilot/random_magma_n32_k1_definable_eq_i4.model,7.600,DEFINABLE
merge,/home/pventura/src/OpenDefAlgSplitting/benches/scale/corpus/pilot/random_magma_n32_k1_nondef_mix_i0.model,10.855,DEFINABLE
merge,/home/pventura/src/OpenDefAlgSplitting/benches/scale/corpus/pilot/random_magma_n32_k1_nondef_mix_i1.model,12.031,DEFINABLE
merge,/home/pventura/src/OpenDefAlgSplitting/benches/scale/corpus/pilot/random_magma_n32_k1_nondef_mix_i2.model,8.467,DEFINABLE
merge,/home/pventura/src/OpenDefAlgSplitting/benches/scale/corpus/pilot/random_magma_n32_k1_nondef_mix_i3.model,7.396,DEFINABLE
merge,/home/pventura/src/OpenDefAlgSplitting/benches/scale/corpus/pilot/random_magma_n32_k1_nondef_mix_i4.model,7.436,DEFINABLE
merge,/home/pventura/src/OpenDefAlgSplitting/benches/scale/corpus/pilot/random_magma_n32_k1_random_half_i0.model,6.738,NOT_DEFINABLE
merge,/home/pventura/src/OpenDefAlgSplitting/benches/scale/corpus/pilot/random_magma_n32_k1_random_half_i1.model,7.597,DEFINABLE
merge,/home/pventura/src/OpenDefAlgSplitting/benches/scale/corpus/pilot/random_magma_n32_k1_random_half_i2.model,7.287,DEFINABLE
merge,/home/pventura/src/OpenDefAlgSplitting/benches/scale/corpus/pilot/random_magma_n32_k1_random_half_i3.model,7.090,DEFINABLE
merge,/home/pventura/src/OpenDefAlgSplitting/benches/scale/corpus/pilot/random_magma_n32_k1_random_half_i4.model,7.405,DEFINABLE
merge,/home/pventura/src/OpenDefAlgSplitting/benches/scale/corpus/pilot/random_magma_n32_k2_definable_eq_i0.model,6.349,DEFINABLE
merge,/home/pventura/src/OpenDefAlgSplitting/benches/scale/corpus/pilot/random_magma_n32_k2_definable_eq_i1.model,7.347,DEFINABLE
merge,/home/pventura/src/OpenDefAlgSplitting/benches/scale/corpus/pilot/random_magma_n32_k2_definable_eq_i2.model,7.096,DEFINABLE
merge,/home/pventura/src/OpenDefAlgSplitting/benches/scale/corpus/pilot/random_magma_n32_k2_definable_eq_i3.model,7.367,DEFINABLE
merge,/home/pventura/src/OpenDefAlgSplitting/benches/scale/corpus/pilot/random_magma_n32_k2_definable_eq_i4.model,7.408,DEFINABLE
merge,/home/pventura/src/OpenDefAlgSplitting/benches/scale/corpus/pilot/random_magma_n32_k2_nondef_mix_i0.model,320.101,DEFINABLE
merge,/home/pventura/src/OpenDefAlgSplitting/benches/scale/corpus/pilot/random_magma_n32_k2_nondef_mix_i1.model,325.661,DEFINABLE
merge,/home/pventura/src/OpenDefAlgSplitting/benches/scale/corpus/pilot/random_magma_n32_k2_nondef_mix_i2.model,298.606,DEFINABLE
merge,/home/pventura/src/OpenDefAlgSplitting/benches/scale/corpus/pilot/random_magma_n32_k2_nondef_mix_i3.model,298.234,DEFINABLE
merge,/home/pventura/src/OpenDefAlgSplitting/benches/scale/corpus/pilot/random_magma_n32_k2_nondef_mix_i4.model,327.147,DEFINABLE
merge,/home/pventura/src/OpenDefAlgSplitting/benches/scale/corpus/pilot/random_magma_n32_k2_random_half_i0.model,298.340,DEFINABLE
merge,/home/pventura/src/OpenDefAlgSplitting/benches/scale/corpus/pilot/random_magma_n32_k2_random_half_i1.model,298.173,DEFINABLE
merge,/home/pventura/src/OpenDefAlgSplitting/benches/scale/corpus/pilot/random_magma_n32_k2_random_half_i2.model,328.027,DEFINABLE
merge,/home/pventura/src/OpenDefAlgSplitting/benches/scale/corpus/pilot/random_magma_n32_k2_random_half_i3.model,326.913,DEFINABLE
merge,/home/pventura/src/OpenDefAlgSplitting/benches/scale/corpus/pilot/random_magma_n32_k2_random_half_i4.model,298.249,DEFINABLE
merge,/home/pventura/src/OpenDefAlgSplitting/benches/scale/corpus/pilot/random_magma_n4_k1_definable_eq_i0.model,0.143,DEFINABLE
merge,/home/pventura/src/OpenDefAlgSplitting/benches/scale/corpus/pilot/random_magma_n4_k1_definable_eq_i1.model,0.153,DEFINABLE
merge,/home/pventura/src/OpenDefAlgSplitting/benches/scale/corpus/pilot/random_magma_n4_k1_definable_eq_i2.model,0.150,DEFINABLE
merge,/home/pventura/src/OpenDefAlgSplitting/benches/scale/corpus/pilot/random_magma_n4_k1_definable_eq_i3.model,0.142,DEFINABLE
merge,/home/pventura/src/OpenDefAlgSplitting/benches/scale/corpus/pilot/random_magma_n4_k1_definable_eq_i4.model,0.154,DEFINABLE
merge,/home/pventura/src/OpenDefAlgSplitting/benches/scale/corpus/pilot/random_magma_n4_k1_nondef_mix_i0.model,0.180,NOT_DEFINABLE
merge,/home/pventura/src/OpenDefAlgSplitting/benches/scale/corpus/pilot/random_magma_n4_k1_nondef_mix_i1.model,0.150,DEFINABLE
merge,/home/pventura/src/OpenDefAlgSplitting/benches/scale/corpus/pilot/random_magma_n4_k1_nondef_mix_i2.model,0.144,DEFINABLE
merge,/home/pventura/src/OpenDefAlgSplitting/benches/scale/corpus/pilot/random_magma_n4_k1_nondef_mix_i3.model,0.143,DEFINABLE
merge,/home/pventura/src/OpenDefAlgSplitting/benches/scale/corpus/pilot/random_magma_n4_k1_nondef_mix_i4.model,0.142,DEFINABLE
merge,/home/pventura/src/OpenDefAlgSplitting/benches/scale/corpus/pilot/random_magma_n4_k1_random_half_i0.model,0.162,DEFINABLE
merge,/home/pventura/src/OpenDefAlgSplitting/benches/scale/corpus/pilot/random_magma_n4_k1_random_half_i1.model,0.151,DEFINABLE
merge,/home/pventura/src/OpenDefAlgSplitting/benches/scale/corpus/pilot/random_magma_n4_k1_random_half_i2.model,0.159,DEFINABLE
merge,/home/pventura/src/OpenDefAlgSplitting/benches/scale/corpus/pilot/random_magma_n4_k1_random_half_i3.model,0.143,DEFINABLE
merge,/home/pventura/src/OpenDefAlgSplitting/benches/scale/corpus/pilot/random_magma_n4_k1_random_half_i4.model,0.167,DEFINABLE
merge,/home/pventura/src/OpenDefAlgSplitting/benches/scale/corpus/pilot/random_magma_n4_k2_definable_eq_i0.model,0.101,DEFINABLE
merge,/home/pventura/src/OpenDefAlgSplitting/benches/scale/corpus/pilot/random_magma_n4_k2_definable_eq_i1.model,0.099,DEFINABLE
merge,/home/pventura/src/OpenDefAlgSplitting/benches/scale/corpus/pilot/random_magma_n4_k2_definable_eq_i2.model,0.108,DEFINABLE
merge,/home/pventura/src/OpenDefAlgSplitting/benches/scale/corpus/pilot/random_magma_n4_k2_definable_eq_i3.model,0.119,DEFINABLE
merge,/home/pventura/src/OpenDefAlgSplitting/benches/scale/corpus/pilot/random_magma_n4_k2_definable_eq_i4.model,0.099,DEFINABLE
merge,/home/pventura/src/OpenDefAlgSplitting/benches/scale/corpus/pilot/random_magma_n4_k2_nondef_mix_i0.model,0.147,DEFINABLE
merge,/home/pventura/src/OpenDefAlgSplitting/benches/scale/corpus/pilot/random_magma_n4_k2_nondef_mix_i1.model,0.158,DEFINABLE
merge,/home/pventura/src/OpenDefAlgSplitting/benches/scale/corpus/pilot/random_magma_n4_k2_nondef_mix_i2.model,0.185,DEFINABLE
merge,/home/pventura/src/OpenDefAlgSplitting/benches/scale/corpus/pilot/random_magma_n4_k2_nondef_mix_i3.model,0.149,DEFINABLE
merge,/home/pventura/src/OpenDefAlgSplitting/benches/scale/corpus/pilot/random_magma_n4_k2_nondef_mix_i4.model,0.161,DEFINABLE
merge,/home/pventura/src/OpenDefAlgSplitting/benches/scale/corpus/pilot/random_magma_n4_k2_random_half_i0.model,0.154,DEFINABLE
merge,/home/pventura/src/OpenDefAlgSplitting/benches/scale/corpus/pilot/random_magma_n4_k2_random_half_i1.model,0.093,NOT_DEFINABLE
merge,/home/pventura/src/OpenDefAlgSplitting/benches/scale/corpus/pilot/random_magma_n4_k2_random_half_i2.model,0.155,NOT_DEFINABLE
merge,/home/pventura/src/OpenDefAlgSplitting/benches/scale/corpus/pilot/random_magma_n4_k2_random_half_i3.model,0.152,DEFINABLE
merge,/home/pventura/src/OpenDefAlgSplitting/benches/scale/corpus/pilot/random_magma_n4_k2_random_half_i4.model,0.176,DEFINABLE
merge,/home/pventura/src/OpenDefAlgSplitting/benches/scale/corpus/pilot/random_magma_n8_k1_definable_eq_i0.model,0.297,DEFINABLE
merge,/home/pventura/src/OpenDefAlgSplitting/benches/scale/corpus/pilot/random_magma_n8_k1_definable_eq_i1.model,0.279,DEFINABLE
merge,/home/pventura/src/OpenDefAlgSplitting/benches/scale/corpus/pilot/random_magma_n8_k1_definable_eq_i2.model,0.270,DEFINABLE
merge,/home/pventura/src/OpenDefAlgSplitting/benches/scale/corpus/pilot/random_magma_n8_k1_definable_eq_i3.model,0.254,DEFINABLE
merge,/home/pventura/src/OpenDefAlgSplitting/benches/scale/corpus/pilot/random_magma_n8_k1_definable_eq_i4.model,0.237,DEFINABLE
merge,/home/pventura/src/OpenDefAlgSplitting/benches/scale/corpus/pilot/random_magma_n8_k1_nondef_mix_i0.model,0.257,DEFINABLE
merge,/home/pventura/src/OpenDefAlgSplitting/benches/scale/corpus/pilot/random_magma_n8_k1_nondef_mix_i1.model,0.258,DEFINABLE
merge,/home/pventura/src/OpenDefAlgSplitting/benches/scale/corpus/pilot/random_magma_n8_k1_nondef_mix_i2.model,0.231,DEFINABLE
merge,/home/pventura/src/OpenDefAlgSplitting/benches/scale/corpus/pilot/random_magma_n8_k1_nondef_mix_i3.model,0.429,DEFINABLE
merge,/home/pventura/src/OpenDefAlgSplitting/benches/scale/corpus/pilot/random_magma_n8_k1_nondef_mix_i4.model,0.399,DEFINABLE
merge,/home/pventura/src/OpenDefAlgSplitting/benches/scale/corpus/pilot/random_magma_n8_k1_random_half_i0.model,0.304,DEFINABLE
merge,/home/pventura/src/OpenDefAlgSplitting/benches/scale/corpus/pilot/random_magma_n8_k1_random_half_i1.model,0.347,NOT_DEFINABLE
merge,/home/pventura/src/OpenDefAlgSplitting/benches/scale/corpus/pilot/random_magma_n8_k1_random_half_i2.model,0.263,DEFINABLE
merge,/home/pventura/src/OpenDefAlgSplitting/benches/scale/corpus/pilot/random_magma_n8_k1_random_half_i3.model,0.331,DEFINABLE
merge,/home/pventura/src/OpenDefAlgSplitting/benches/scale/corpus/pilot/random_magma_n8_k1_random_half_i4.model,0.174,NOT_DEFINABLE
merge,/home/pventura/src/OpenDefAlgSplitting/benches/scale/corpus/pilot/random_magma_n8_k2_definable_eq_i0.model,0.209,DEFINABLE
merge,/home/pventura/src/OpenDefAlgSplitting/benches/scale/corpus/pilot/random_magma_n8_k2_definable_eq_i1.model,0.215,DEFINABLE
merge,/home/pventura/src/OpenDefAlgSplitting/benches/scale/corpus/pilot/random_magma_n8_k2_definable_eq_i2.model,0.188,DEFINABLE
merge,/home/pventura/src/OpenDefAlgSplitting/benches/scale/corpus/pilot/random_magma_n8_k2_definable_eq_i3.model,0.199,DEFINABLE
merge,/home/pventura/src/OpenDefAlgSplitting/benches/scale/corpus/pilot/random_magma_n8_k2_definable_eq_i4.model,0.251,DEFINABLE
merge,/home/pventura/src/OpenDefAlgSplitting/benches/scale/corpus/pilot/random_magma_n8_k2_nondef_mix_i0.model,1.132,DEFINABLE
merge,/home/pventura/src/OpenDefAlgSplitting/benches/scale/corpus/pilot/random_magma_n8_k2_nondef_mix_i1.model,1.230,DEFINABLE
merge,/home/pventura/src/OpenDefAlgSplitting/benches/scale/corpus/pilot/random_magma_n8_k2_nondef_mix_i2.model,1.191,DEFINABLE
merge,/home/pventura/src/OpenDefAlgSplitting/benches/scale/corpus/pilot/random_magma_n8_k2_nondef_mix_i3.model,1.240,DEFINABLE
merge,/home/pventura/src/OpenDefAlgSplitting/benches/scale/corpus/pilot/random_magma_n8_k2_nondef_mix_i4.model,1.224,DEFINABLE
merge,/home/pventura/src/OpenDefAlgSplitting/benches/scale/corpus/pilot/random_magma_n8_k2_random_half_i0.model,1.202,DEFINABLE
merge,/home/pventura/src/OpenDefAlgSplitting/benches/scale/corpus/pilot/random_magma_n8_k2_random_half_i1.model,1.230,NOT_DEFINABLE
merge,/home/pventura/src/OpenDefAlgSplitting/benches/scale/corpus/pilot/random_magma_n8_k2_random_half_i2.model,1.188,DEFINABLE
merge,/home/pventura/src/OpenDefAlgSplitting/benches/scale/corpus/pilot/random_magma_n8_k2_random_half_i3.model,1.102,DEFINABLE
merge,/home/pventura/src/OpenDefAlgSplitting/benches/scale/corpus/pilot/random_magma_n8_k2_random_half_i4.model,1.184,DEFINABLE
