model,hit,merge,hit_ms,merge_ms,agree
chain_unary_n16_k1_definable_fixed_i0.model,DEFINABLE,DEFINABLE,0.340,0.387,1
chain_unary_n16_k1_definable_fixed_i1.model,DEFINABLE,DEFINABLE,0.329,0.394,1
chain_unary_n16_k1_definable_fixed_i2.model,DEFINABLE,DEFINABLE,0.328,0.331,1
chain_unary_n16_k1_definable_fixed_i3.model,DEFINABLE,DEFINABLE,0.294,0.331,1
chain_unary_n16_k1_definable_fixed_i4.model,DEFINABLE,DEFINABLE,0.370,0.372,1
chain_unary_n16_k1_nondef_mix_i0.model,DEFINABLE,DEFINABLE,0.350,0.346,1
chain_unary_n16_k1_nondef_mix_i1.model,DEFINABLE,DEFINABLE,0.330,0.327,1
chain_unary_n16_k1_nondef_mix_i2.model,DEFINABLE,DEFINABLE,0.327,0.345,1
chain_unary_n16_k1_nondef_mix_i3.model,DEFINABLE,DEFINABLE,0.338,0.334,1
chain_unary_n16_k1_nondef_mix_i4.model,DEFINABLE,DEFINABLE,0.350,0.391,1
chain_unary_n32_k1_definable_fixed_i0.model,DEFINABLE,DEFINABLE,1.196,1.167,1
chain_unary_n32_k1_definable_fixed_i1.model,DEFINABLE,DEFINABLE,1.137,1.207,1
chain_unary_n32_k1_definable_fixed_i2.model,DEFINABLE,DEFINABLE,1.395,1.185,1
chain_unary_n32_k1_definable_fixed_i3.model,DEFINABLE,DEFINABLE,1.155,1.146,1
chain_unary_n32_k1_definable_fixed_i4.model,DEFINABLE,DEFINABLE,1.246,1.161,1
chain_unary_n32_k1_nondef_mix_i0.model,DEFINABLE,DEFINABLE,1.206,1.138,1
chain_unary_n32_k1_nondef_mix_i1.model,DEFINABLE,DEFINABLE,1.915,1.192,1
chain_unary_n32_k1_nondef_mix_i2.model,DEFINABLE,DEFINABLE,1.354,1.244,1
chain_unary_n32_k1_nondef_mix_i3.model,DEFINABLE,DEFINABLE,1.248,1.179,1
chain_unary_n32_k1_nondef_mix_i4.model,DEFINABLE,DEFINABLE,1.381,7.941,1
chain_unary_n4_k1_definable_fixed_i0.model,DEFINABLE,DEFINABLE,0.082,0.182,1
chain_unary_n4_k1_definable_fixed_i1.model,DEFINABLE,DEFINABLE,0.073,0.195,1
chain_unary_n4_k1_definable_fixed_i2.model,DEFINABLE,DEFINABLE,0.085,0.143,1
chain_unary_n4_k1_definable_fixed_i3.model,DEFINABLE,DEFINABLE,0.080,0.153,1
chain_unary_n4_k1_definable_fixed_i4.model,DEFINABLE,DEFINABLE,0.099,0.184,1
chain_unary_n4_k1_nondef_mix_i0.model,DEFINABLE,DEFINABLE,0.090,0.374,1
chain_unary_n4_k1_nondef_mix_i1.model,DEFINABLE,DEFINABLE,0.091,0.142,1
chain_unary_n4_k1_nondef_mix_i2.model,DEFINABLE,DEFINABLE,0.088,0.141,1
chain_unary_n4_k1_nondef_mix_i3.model,DEFINABLE,DEFINABLE,0.081,0.131,1
chain_unary_n4_k1_nondef_mix_i4.model,DEFINABLE,DEFINABLE,0.091,0.145,1
chain_unary_n8_k1_definable_fixed_i0.model,DEFINABLE,DEFINABLE,0.111,0.194,1
chain_unary_n8_k1_definable_fixed_i1.model,DEFINABLE,DEFINABLE,0.135,0.188,1
chain_unary_n8_k1_definable_fixed_i2.model,DEFINABLE,DEFINABLE,0.151,0.184,1
chain_unary_n8_k1_definable_fixed_i3.model,DEFINABLE,DEFINABLE,0.142,0.173,1
chain_unary_n8_k1_definable_fixed_i4.model,DEFINABLE,DEFINABLE,0.109,0.180,1
chain_unary_n8_k1_nondef_mix_i0.model,DEFINABLE,DEFINABLE,0.132,0.223,1
chain_unary_n8_k1_nondef_mix_i1.model,DEFINABLE,DEFINABLE,0.117,0.253,1
chain_unary_n8_k1_nondef_mix_i2.model,DEFINABLE,DEFINABLE,0.151,0.169,1
chain_unary_n8_k1_nondef_mix_i3.model,DEFINABLE,DEFINABLE,0.140,7.509,1
chain_unary_n8_k1_nondef_mix_i4.model,DEFINABLE,DEFINABLE,0.224,0.249,1
cyclic_group_n16_k1_definable_eq_i0.model,DEFINABLE,DEFINABLE,1.082,0.537,1
cyclic_group_n16_k1_definable_eq_i1.model,DEFINABLE,DEFINABLE,1.173,0.528,1
cyclic_group_n16_k1_definable_eq_i2.model,DEFINABLE,DEFINABLE,1.158,0.422,1
cyclic_group_n16_k1_definable_eq_i3.model,DEFINABLE,DEFINABLE,1.031,1.085,1
cyclic_group_n16_k1_definable_eq_i4.model,DEFINABLE,DEFINABLE,1.092,0.402,1
cyclic_group_n16_k1_nondef_mix_i0.model,DEFINABLE,DEFINABLE,1.077,0.418,1
cyclic_group_n16_k1_nondef_mix_i1.model,DEFINABLE,DEFINABLE,1.164,0.402,1
cyclic_group_n16_k1_nondef_mix_i2.model,DEFINABLE,DEFINABLE,1.122,0.402,1
cyclic_group_n16_k1_nondef_mix_i3.model,DEFINABLE,DEFINABLE,1.073,0.404,1
cyclic_group_n16_k1_nondef_mix_i4.model,DEFINABLE,DEFINABLE,1.165,0.392,1
cyclic_group_n16_k2_definable_eq_i0.model,DEFINABLE,DEFINABLE,0.602,0.369,1
cyclic_group_n16_k2_definable_eq_i1.model,DEFINABLE,DEFINABLE,0.702,0.361,1
cyclic_group_n16_k2_definable_eq_i2.model,DEFINABLE,DEFINABLE,0.666,0.365,1
cyclic_group_n16_k2_definable_eq_i3.model,DEFINABLE,DEFINABLE,0.681,0.367,1
cyclic_group_n16_k2_definable_eq_i4.model,DEFINABLE,DEFINABLE,0.654,0.360,1
cyclic_group_n16_k2_nondef_mix_i0.model,DEFINABLE,DEFINABLE,25.116,4.203,1
cyclic_group_n16_k2_nondef_mix_i1.model,DEFINABLE,DEFINABLE,24.572,4.250,1
cyclic_group_n16_k2_nondef_mix_i2.model,DEFINABLE,DEFINABLE,24.234,4.317,1
cyclic_group_n16_k2_nondef_mix_i3.model,DEFINABLE,DEFINABLE,26.524,4.192,1
cyclic_group_n16_k2_nondef_mix_i4.model,DEFINABLE,DEFINABLE,25.689,4.264,1
cyclic_group_n32_k1_definable_eq_i0.model,DEFINABLE,DEFINABLE,6.574,1.186,1
cyclic_group_n32_k1_definable_eq_i1.model,DEFINABLE,DEFINABLE,6.822,1.183,1
cyclic_group_n32_k1_definable_eq_i2.model,DEFINABLE,DEFINABLE,7.178,1.203,1
cyclic_group_n32_k1_definable_eq_i3.model,DEFINABLE,DEFINABLE,6.861,4.091,1
cyclic_group_n32_k1_definable_eq_i4.model,DEFINABLE,DEFINABLE,7.169,1.467,1
cyclic_group_n32_k1_nondef_mix_i0.model,DEFINABLE,DEFINABLE,7.633,1.215,1
cyclic_group_n32_k1_nondef_mix_i1.model,DEFINABLE,DEFINABLE,6.461,1.208,1
cyclic_group_n32_k1_nondef_mix_i2.model,DEFINABLE,DEFINABLE,7.265,1.204,1
cyclic_group_n32_k1_nondef_mix_i3.model,DEFINABLE,DEFINABLE,6.691,1.181,1
cyclic_group_n32_k1_nondef_mix_i4.model,DEFINABLE,DEFINABLE,7.203,1.188,1
cyclic_group_n32_k2_definable_eq_i0.model,DEFINABLE,DEFINABLE,3.958,1.157,1
cyclic_group_n32_k2_definable_eq_i1.model,DEFINABLE,DEFINABLE,4.224,1.149,1
cyclic_group_n32_k2_definable_eq_i2.model,DEFINABLE,DEFINABLE,4.246,1.165,1
cyclic_group_n32_k2_definable_eq_i3.model,DEFINABLE,DEFINABLE,4.307,1.153,1
cyclic_group_n32_k2_definable_eq_i4.model,DEFINABLE,DEFINABLE,3.966,1.161,1
cyclic_group_n32_k2_nondef_mix_i0.model,DEFINABLE,DEFINABLE,149.320,50.061,1
cyclic_group_n32_k2_nondef_mix_i1.model,DEFINABLE,DEFINABLE,152.643,49.307,1
cyclic_group_n32_k2_nondef_mix_i2.model,DEFINABLE,DEFINABLE,152.147,49.519,1
cyclic_group_n32_k2_nondef_mix_i3.model,DEFINABLE,DEFINABLE,157.724,50.301,1
cyclic_group_n32_k2_nondef_mix_i4.model,DEFINABLE,DEFINABLE,157.912,49.602,1
cyclic_group_n4_k1_definable_eq_i0.model,DEFINABLE,DEFINABLE,0.094,0.108,1
cyclic_group_n4_k1_definable_eq_i1.model,DEFINABLE,DEFINABLE,0.091,0.117,1
cyclic_group_n4_k1_definable_eq_i2.model,DEFINABLE,DEFINABLE,0.104,0.123,1
cyclic_group_n4_k1_definable_eq_i3.model,DEFINABLE,DEFINABLE,0.094,0.133,1
cyclic_group_n4_k1_definable_eq_i4.model,DEFINABLE,DEFINABLE,0.090,0.123,1
cyclic_group_n4_k1_nondef_mix_i0.model,DEFINABLE,DEFINABLE,0.091,0.202,1
cyclic_group_n4_k1_nondef_mix_i1.model,DEFINABLE,DEFINABLE,0.091,0.177,1
cyclic_group_n4_k1_nondef_mix_i2.model,DEFINABLE,DEFINABLE,0.093,0.164,1
cyclic_group_n4_k1_nondef_mix_i3.model,DEFINABLE,DEFINABLE,0.094,0.111,1
cyclic_group_n4_k1_nondef_mix_i4.model,DEFINABLE,DEFINABLE,0.108,0.124,1
cyclic_group_n4_k2_definable_eq_i0.model,DEFINABLE,DEFINABLE,0.047,0.089,1
cyclic_group_n4_k2_definable_eq_i1.model,DEFINABLE,DEFINABLE,0.055,0.097,1
cyclic_group_n4_k2_definable_eq_i2.model,DEFINABLE,DEFINABLE,0.056,0.086,1
cyclic_group_n4_k2_definable_eq_i3.model,DEFINABLE,DEFINABLE,0.058,0.091,1
cyclic_group_n4_k2_definable_eq_i4.model,DEFINABLE,DEFINABLE,0.051,0.100,1
cyclic_group_n4_k2_nondef_mix_i0.model,DEFINABLE,DEFINABLE,0.295,0.135,1
cyclic_group_n4_k2_nondef_mix_i1.model,DEFINABLE,DEFINABLE,0.420,0.130,1
cyclic_group_n4_k2_nondef_mix_i2.model,DEFINABLE,DEFINABLE,0.290,0.146,1
cyclic_group_n4_k2_nondef_mix_i3.model,DEFINABLE,DEFINABLE,0.500,0.154,1
cyclic_group_n4_k2_nondef_mix_i4.model,DEFINABLE,DEFINABLE,0.358,0.139,1
cyclic_group_n8_k1_definable_eq_i0.model,DEFINABLE,DEFINABLE,0.219,0.220,1
cyclic_group_n8_k1_definable_eq_i1.model,DEFINABLE,DEFINABLE,0.288,0.237,1
cyclic_group_n8_k1_definable_eq_i2.model,DEFINABLE,DEFINABLE,0.257,0.205,1
cyclic_group_n8_k1_definable_eq_i3.model,DEFINABLE,DEFINABLE,0.205,0.200,1
cyclic_group_n8_k1_definable_eq_i4.model,DEFINABLE,DEFINABLE,0.206,0.226,1
cyclic_group_n8_k1_nondef_mix_i0.model,DEFINABLE,DEFINABLE,0.243,0.227,1
cyclic_group_n8_k1_nondef_mix_i1.model,DEFINABLE,DEFINABLE,0.244,0.197,1
cyclic_group_n8_k1_nondef_mix_i2.model,DEFINABLE,DEFINABLE,0.239,0.220,1
cyclic_group_n8_k1_nondef_mix_i3.model,DEFINABLE,DEFINABLE,0.241,0.187,1
cyclic_group_n8_k1_nondef_mix_i4.model,DEFINABLE,DEFINABLE,0.222,0.184,1
cyclic_group_n8_k2_definable_eq_i0.model,DEFINABLE,DEFINABLE,0.153,0.180,1
cyclic_group_n8_k2_definable_eq_i1.model,DEFINABLE,DEFINABLE,0.163,0.172,1
cyclic_group_n8_k2_definable_eq_i2.model,DEFINABLE,DEFINABLE,0.143,0.154,1
cyclic_group_n8_k2_definable_eq_i3.model,DEFINABLE,DEFINABLE,0.136,0.172,1
cyclic_group_n8_k2_definable_eq_i4.model,DEFINABLE,DEFINABLE,0.144,0.159,1
cyclic_group_n8_k2_nondef_mix_i0.model,DEFINABLE,DEFINABLE,4.203,0.548,1
cyclic_group_n8_k2_nondef_mix_i1.model,DEFINABLE,DEFINABLE,3.703,0.575,1
cyclic_group_n8_k2_nondef_mix_i2.model,DEFINABLE,DEFINABLE,4.149,0.596,1
cyclic_group_n8_k2_nondef_mix_i3.model,DEFINABLE,DEFINABLE,4.349,0.544,1
cyclic_group_n8_k2_nondef_mix_i4.model,DEFINABLE,DEFINABLE,3.817,0.547,1
random_magma_n16_k1_definable_eq_i0.model,DEFINABLE,DEFINABLE,2.370,4.685,1
random_magma_n16_k1_definable_eq_i1.model,DEFINABLE,DEFINABLE,2.266,1.454,1
random_magma_n16_k1_definable_eq_i2.model,DEFINABLE,DEFINABLE,2.342,1.232,1
random_magma_n16_k1_definable_eq_i3.model,DEFINABLE,DEFINABLE,2.344,1.090,1
random_magma_n16_k1_definable_eq_i4.model,DEFINABLE,DEFINABLE,2.185,1.163,1
random_magma_n16_k1_nondef_mix_i0.model,DEFINABLE,DEFINABLE,2.173,1.094,1
random_magma_n16_k1_nondef_mix_i1.model,DEFINABLE,DEFINABLE,2.065,1.073,1
random_magma_n16_k1_nondef_mix_i2.model,DEFINABLE,DEFINABLE,2.085,1.150,1
random_magma_n16_k1_nondef_mix_i3.model,DEFINABLE,DEFINABLE,2.277,1.073,1
random_magma_n16_k1_nondef_mix_i4.model,DEFINABLE,DEFINABLE,1.973,1.018,1
random_magma_n16_k1_random_half_i0.model,DEFINABLE,DEFINABLE,2.177,1.113,1
random_magma_n16_k1_random_half_i1.model,DEFINABLE,DEFINABLE,2.268,1.137,1
random_magma_n16_k1_random_half_i2.model,DEFINABLE,DEFINABLE,2.177,1.169,1
random_magma_n16_k1_random_half_i3.model,DEFINABLE,DEFINABLE,1.934,1.010,1
random_magma_n16_k1_random_half_i4.model,DEFINABLE,DEFINABLE,2.053,1.042,1
random_magma_n16_k2_definable_eq_i0.model,DEFINABLE,DEFINABLE,1.127,1.085,1
random_magma_n16_k2_definable_eq_i1.model,DEFINABLE,DEFINABLE,1.117,1.109,1
random_magma_n16_k2_definable_eq_i2.model,DEFINABLE,DEFINABLE,1.215,1.110,1
random_magma_n16_k2_definable_eq_i3.model,DEFINABLE,DEFINABLE,1.130,1.083,1
random_magma_n16_k2_definable_eq_i4.model,DEFINABLE,DEFINABLE,1.220,1.063,1
random_magma_n16_k2_nondef_mix_i0.model,DEFINABLE,DEFINABLE,35.134,18.631,1
random_magma_n16_k2_nondef_mix_i1.model,NOT_DEFINABLE,NOT_DEFINABLE,1.139,19.985,1
random_magma_n16_k2_nondef_mix_i2.model,DEFINABLE,DEFINABLE,36.314,19.986,1
random_magma_n16_k2_nondef_mix_i3.model,DEFINABLE,DEFINABLE,35.285,19.585,1
random_magma_n16_k2_nondef_mix_i4.model,DEFINABLE,DEFINABLE,39.520,21.027,1
random_magma_n16_k2_random_half_i0.model,NOT_DEFINABLE,NOT_DEFINABLE,0.866,21.293,1
random_magma_n16_k2_random_half_i1.model,DEFINABLE,DEFINABLE,34.931,19.392,1
random_magma_n16_k2_random_half_i2.model,DEFINABLE,DEFINABLE,37.143,19.557,1
random_magma_n16_k2_random_half_i3.model,DEFINABLE,DEFINABLE,37.254,17.906,1
random_magma_n16_k2_random_half_i4.model,DEFINABLE,DEFINABLE,35.926,19.333,1
random_magma_n32_k1_definable_eq_i0.model,NOT_DEFINABLE,NOT_DEFINABLE,0.026,0.184,1
random_magma_n32_k1_definable_eq_i1.model,DEFINABLE,DEFINABLE,13.368,11.141,1
random_magma_n32_k1_definable_eq_i2.model,DEFINABLE,DEFINABLE,13.527,7.207,1
random_magma_n32_k1_definable_eq_i3.model,DEFINABLE,DEFINABLE,12.852,7.844,1
random_magma_n32_k1_definable_eq_i4.model,DEFINABLE,DEFINABLE,13.506,7.600,1
random_magma_n32_k1_nondef_mix_i0.model,DEFINABLE,DEFINABLE,14.404,10.855,1
random_magma_n32_k1_nondef_mix_i1.model,DEFINABLE,DEFINABLE,12.092,12.031,1
random_magma_n32_k1_nondef_mix_i2.model,DEFINABLE,DEFINABLE,14.027,8.467,1
random_magma_n32_k1_nondef_mix_i3.model,DEFINABLE,DEFINABLE,13.147,7.396,1
random_magma_n32_k1_nondef_mix_i4.model,DEFINABLE,DEFINABLE,13.014,7.436,1
random_magma_n32_k1_random_half_i0.model,NOT_DEFINABLE,NOT_DEFINABLE,6.269,6.738,1
random_magma_n32_k1_random_half_i1.model,DEFINABLE,DEFINABLE,12.654,7.597,1
random_magma_n32_k1_random_half_i2.model,DEFINABLE,DEFINABLE,12.029,7.287,1
random_magma_n32_k1_random_half_i3.model,DEFINABLE,DEFINABLE,11.592,7.090,1
random_magma_n32_k1_random_half_i4.model,DEFINABLE,DEFINABLE,14.111,7.405,1
random_magma_n32_k2_definable_eq_i0.model,DEFINABLE,DEFINABLE,6.821,6.349,1
random_magma_n32_k2_definable_eq_i1.model,DEFINABLE,DEFINABLE,7.073,7.347,1
random_magma_n32_k2_definable_eq_i2.model,DEFINABLE,DEFINABLE,6.980,7.096,1
random_magma_n32_k2_definable_eq_i3.model,DEFINABLE,DEFINABLE,7.945,7.367,1
random_magma_n32_k2_definable_eq_i4.model,DEFINABLE,DEFINABLE,7.211,7.408,1
random_magma_n32_k2_nondef_mix_i0.model,DEFINABLE,DEFINABLE,253.000,320.101,1
random_magma_n32_k2_nondef_mix_i1.model,DEFINABLE,DEFINABLE,241.984,325.661,1
random_magma_n32_k2_nondef_mix_i2.model,DEFINABLE,DEFINABLE,265.194,298.606,1
random_magma_n32_k2_nondef_mix_i3.model,DEFINABLE,DEFINABLE,242.918,298.234,1
random_magma_n32_k2_nondef_mix_i4.model,DEFINABLE,DEFINABLE,248.948,327.147,1
random_magma_n32_k2_random_half_i0.model,DEFINABLE,DEFINABLE,262.693,298.340,1
random_magma_n32_k2_random_half_i1.model,DEFINABLE,DEFINABLE,243.500,298.173,1
random_magma_n32_k2_random_half_i2.model,DEFINABLE,DEFINABLE,232.006,328.027,1
random_magma_n32_k2_random_half_i3.model,DEFINABLE,DEFINABLE,248.573,326.913,1
random_magma_n32_k2_random_half_i4.model,DEFINABLE,DEFINABLE,251.553,298.249,1
random_magma_n4_k1_definable_eq_i0.model,DEFINABLE,DEFINABLE,0.113,0.143,1
random_magma_n4_k1_definable_eq_i1.model,DEFINABLE,DEFINABLE,0.114,0.153,1
random_magma_n4_k1_definable_eq_i2.model,DEFINABLE,DEFINABLE,0.118,0.150,1
random_magma_n4_k1_definable_eq_i3.model,DEFINABLE,DEFINABLE,0.097,0.142,1
random_magma_n4_k1_definable_eq_i4.model,DEFINABLE,DEFINABLE,0.109,0.154,1
random_magma_n4_k1_nondef_mix_i0.model,NOT_DEFINABLE,NOT_DEFINABLE,0.066,0.180,1
random_magma_n4_k1_nondef_mix_i1.model,DEFINABLE,DEFINABLE,0.099,0.150,1
random_magma_n4_k1_nondef_mix_i2.model,DEFINABLE,DEFINABLE,0.140,0.144,1
random_magma_n4_k1_nondef_mix_i3.model,DEFINABLE,DEFINABLE,0.117,0.143,1
random_magma_n4_k1_nondef_mix_i4.model,DEFINABLE,DEFINABLE,0.138,0.142,1
random_magma_n4_k1_random_half_i0.model,DEFINABLE,DEFINABLE,0.094,0.162,1
random_magma_n4_k1_random_half_i1.model,DEFINABLE,DEFINABLE,0.125,0.151,1
random_magma_n4_k1_random_half_i2.model,DEFINABLE,DEFINABLE,0.146,0.159,1
random_magma_n4_k1_random_half_i3.model,DEFINABLE,DEFINABLE,0.046,0.143,1
random_magma_n4_k1_random_half_i4.model,DEFINABLE,DEFINABLE,0.063,0.167,1
random_magma_n4_k2_definable_eq_i0.model,DEFINABLE,DEFINABLE,0.063,0.101,1
random_magma_n4_k2_definable_eq_i1.model,DEFINABLE,DEFINABLE,0.058,0.099,1
random_magma_n4_k2_definable_eq_i2.model,DEFINABLE,DEFINABLE,0.058,0.108,1
random_magma_n4_k2_definable_eq_i3.model,DEFINABLE,DEFINABLE,0.058,0.119,1
random_magma_n4_k2_definable_eq_i4.model,DEFINABLE,DEFINABLE,0.037,0.099,1
random_magma_n4_k2_nondef_mix_i0.model,DEFINABLE,DEFINABLE,0.452,0.147,1
random_magma_n4_k2_nondef_mix_i1.model,DEFINABLE,DEFINABLE,0.486,0.158,1
random_magma_n4_k2_nondef_mix_i2.model,DEFINABLE,DEFINABLE,0.399,0.185,1
random_magma_n4_k2_nondef_mix_i3.model,DEFINABLE,DEFINABLE,0.488,0.149,1
random_magma_n4_k2_nondef_mix_i4.model,DEFINABLE,DEFINABLE,0.409,0.161,1
random_magma_n4_k2_random_half_i0.model,DEFINABLE,DEFINABLE,0.410,0.154,1
random_magma_n4_k2_random_half_i1.model,NOT_DEFINABLE,NOT_DEFINABLE,0.269,0.093,1
random_magma_n4_k2_random_half_i2.model,NOT_DEFINABLE,NOT_DEFINABLE,0.041,0.155,1
random_magma_n4_k2_random_half_i3.model,DEFINABLE,DEFINABLE,0.434,0.152,1
random_magma_n4_k2_random_half_i4.model,DEFINABLE,DEFINABLE,0.403,0.176,1
random_magma_n8_k1_definable_eq_i0.model,DEFINABLE,DEFINABLE,0.409,0.297,1
random_magma_n8_k1_definable_eq_i1.model,DEFINABLE,DEFINABLE,0.496,0.279,1
random_magma_n8_k1_definable_eq_i2.model,DEFINABLE,DEFINABLE,0.309,0.270,1
random_magma_n8_k1_definable_eq_i3.model,DEFINABLE,DEFINABLE,0.331,0.254,1
random_magma_n8_k1_definable_eq_i4.model,DEFINABLE,DEFINABLE,0.409,0.237,1
random_magma_n8_k1_nondef_mix_i0.model,DEFINABLE,DEFINABLE,0.393,0.257,1
random_magma_n8_k1_nondef_mix_i1.model,DEFINABLE,DEFINABLE,0.410,0.258,1
random_magma_n8_k1_nondef_mix_i2.model,DEFINABLE,DEFINABLE,0.468,0.231,1
random_magma_n8_k1_nondef_mix_i3.model,DEFINABLE,DEFINABLE,0.330,0.429,1
random_magma_n8_k1_nondef_mix_i4.model,DEFINABLE,DEFINABLE,0.500,0.399,1
random_magma_n8_k1_random_half_i0.model,DEFINABLE,DEFINABLE,0.421,0.304,1
random_magma_n8_k1_random_half_i1.model,NOT_DEFINABLE,NOT_DEFINABLE,0.091,0.347,1
random_magma_n8_k1_random_half_i2.model,DEFINABLE,DEFINABLE,0.390,0.263,1
random_magma_n8_k1_random_half_i3.model,DEFINABLE,DEFINABLE,0.334,0.331,1
random_magma_n8_k1_random_half_i4.model,NOT_DEFINABLE,NOT_DEFINABLE,0.102,0.174,1
random_magma_n8_k2_definable_eq_i0.model,DEFINABLE,DEFINABLE,0.173,0.209,1
random_magma_n8_k2_definable_eq_i1.model,DEFINABLE,DEFINABLE,0.228,0.215,1
random_magma_n8_k2_definable_eq_i2.model,DEFINABLE,DEFINABLE,0.166,0.188,1
random_magma_n8_k2_definable_eq_i3.model,DEFINABLE,DEFINABLE,0.187,0.199,1
random_magma_n8_k2_definable_eq_i4.model,DEFINABLE,DEFINABLE,0.231,0.251,1
random_magma_n8_k2_nondef_mix_i0.model,DEFINABLE,DEFINABLE,2.777,1.132,1
random_magma_n8_k2_nondef_mix_i1.model,DEFINABLE,DEFINABLE,3.378,1.230,1
random_magma_n8_k2_nondef_mix_i2.model,DEFINABLE,DEFINABLE,2.615,1.191,1
random_magma_n8_k2_nondef_mix_i3.model,DEFINABLE,DEFINABLE,2.779,1.240,1
random_magma_n8_k2_nondef_mix_i4.model,DEFINABLE,DEFINABLE,3.132,1.224,1
random_magma_n8_k2_random_half_i0.model,DEFINABLE,DEFINABLE,3.267,1.202,1
random_magma_n8_k2_random_half_i1.model,NOT_DEFINABLE,NOT_DEFINABLE,0.077,1.230,1
random_magma_n8_k2_random_half_i2.model,DEFINABLE,DEFINABLE,3.081,1.188,1
random_magma_n8_k2_random_half_i3.model,DEFINABLE,DEFINABLE,2.664,1.102,1
random_magma_n8_k2_random_half_i4.model,DEFINABLE,DEFINABLE,4.008,1.184,1
